Name,Median Household Income,Life Expectancy
"Rockdale County, Georgia",50761,77.67333333333333
"Spalding County, Georgia",43991,73.55833333333334
"Stephens County, Georgia",41978,73.74
"Sumter County, Georgia",30579,75.9
"Tattnall County, Georgia",40034,74.50000000000001
"Thomas County, Georgia",41340,75.32727272727273
"Tift County, Georgia",41295,75.92222222222222
"Toombs County, Georgia",37637,74.36666666666666
"Troup County, Georgia",39067,75.91428571428571
"Union County, Georgia",45076,77.675
"Upson County, Georgia",39055,73.07142857142857
"Walker County, Georgia",44358,75.41538461538461
"Walton County, Georgia",57278,76.55333333333334
"Ware County, Georgia",36303,72.66666666666667
"Washington County, Georgia",38549,77.34
"Wayne County, Georgia",43846,74.58333333333334
"White County, Georgia",42780,78.28
"Whitfield County, Georgia",45894,77.59444444444443
"Worth County, Georgia",41468,74.3
"Hawaii County, Hawaii",60033,80.73030303030302
"Honolulu County, Hawaii",77273,81.29411764705884
"Kauai County, Hawaii",77140,84.46666666666667
"Maui County, Hawaii",70497,80.88181818181818
"Ada County, Idaho",57399,79.91525423728814
"Bannock County, Idaho",41530,76.92777777777776
"Bingham County, Idaho",51031,78.77499999999999
"Blaine County, Idaho",48148,82.15
"Bonner County, Idaho",40434,78.9
"Bonneville County, Idaho",53355,78.79523809523809
"Canyon County, Idaho",42786,78.08620689655174
"Cassia County, Idaho",45778,78.66666666666667
"Elmore County, Idaho",44092,77.875
"Jefferson County, Idaho",52089,80.725
"Jerome County, Idaho",46139,78.46
"Kootenai County, Idaho",47860,79.4
"Latah County, Idaho",43886,80.3
"Madison County, Idaho",34070,79.16666666666666
"Minidoka County, Idaho",45127,79.32
"Nez Perce County, Idaho",52519,78.23333333333333
"Payette County, Idaho",36604,79.0
"Twin Falls County, Idaho",45499,77.35384615384615
"Adams County, Illinois",46528,77.45555555555556
"Boone County, Illinois",57233,78.34285714285716
"Bureau County, Illinois",50495,80.57777777777778
"Champaign County, Illinois",50252,80.00000000000003
"Christian County, Illinois",49049,76.43
"Clinton County, Illinois",64769,79.83749999999999
"Coles County, Illinois",41136,77.21000000000001
"Cook County, Illinois",56851,77.82824999999995
"DeKalb County, Illinois",55471,80.22631578947369
"DuPage County, Illinois",81559,81.28994974874374
"Effingham County, Illinois",50000,77.6375
"Fayette County, Illinois",36865,79.15
"Franklin County, Illinois",47465,75.3
"Fulton County, Illinois",42469,77.75454545454546
"Grundy County, Illinois",69471,78.39999999999999
"Henry County, Illinois",60045,78.75384615384615
"Iroquois County, Illinois",49541,77.76666666666667
"Jackson County, Illinois",37002,76.45
"Jefferson County, Illinois",47716,75.98181818181818
"Jersey County, Illinois",52890,77.08333333333333
"Jo Daviess County, Illinois",53487,80.1
"Kane County, Illinois",70359,80.26124999999996
"Kankakee County, Illinois",53850,77.4896551724138
"Kendall County, Illinois",85979,79.89999999999999
"Knox County, Illinois",43020,76.27333333333331
"Lake County, Illinois",82113,80.17972027972027
"Lee County, Illinois",51317,78.0
"Livingston County, Illinois",55814,77.33
"Logan County, Illinois",65129,77.175
"McDonough County, Illinois",39698,78.55555555555557
"McHenry County, Illinois",80125,79.54901960784312
"McLean County, Illinois",65304,78.5939393939394
"Macon County, Illinois",48040,76.38235294117646
"Macoupin County, Illinois",51446,77.41666666666667
"Madison County, Illinois",52664,76.435
"Marion County, Illinois",42220,75.62500000000001
"Monroe County, Illinois",75808,79.96666666666665
"Montgomery County, Illinois",45231,76.03750000000001
"Morgan County, Illinois",43355,77.64
"Ogle County, Illinois",55211,79.36363636363636
"Peoria County, Illinois",53837,76.68333333333334
"Perry County, Illinois",50764,77.28333333333333
"Randolph County, Illinois",50697,78.22222222222223
"Rock Island County, Illinois",50542,78.02051282051282
"St. Clair County, Illinois",50347,75.85357142857141
"Saline County, Illinois",40712,74.14444444444445
"Sangamon County, Illinois",57576,76.94901960784314
"Shelby County, Illinois",47878,80.18333333333334
"Stephenson County, Illinois",45751,79.8846153846154
"Tazewell County, Illinois",57020,78.68333333333334
"Vermilion County, Illinois",45098,75.10833333333335
"Whiteside County, Illinois",43314,78.13333333333334
"Will County, Illinois",75992,78.50214285714287
"Williamson County, Illinois",48736,76.51333333333334
"Winnebago County, Illinois",49578,76.30666666666662
"Woodford County, Illinois",65971,79.43333333333334
"Adams County, Indiana",47775,80.10000000000001
"Allen County, Indiana",49754,77.3279569892473
"Bartholomew County, Indiana",54447,78.27142857142856
"Boone County, Indiana",72844,79.08000000000001
"Cass County, Indiana",45533,78.28181818181818
"Clark County, Indiana",51828,75.32692307692308
"Clay County, Indiana",51774,78.21666666666665
"Clinton County, Indiana",51797,77.5375
"Daviess County, Indiana",47227,76.97142857142856
"Dearborn County, Indiana",66196,78.52000000000001
"Decatur County, Indiana",50599,79.31666666666668
"DeKalb County, Indiana",50107,77.97777777777777
"Delaware County, Indiana",40606,75.45833333333334
"Dubois County, Indiana",54791,78.98571428571428
"Elkhart County, Indiana",49556,78.63714285714286
"Fayette County, Indiana",41766,74.82857142857142
"Floyd County, Indiana",58096,76.18499999999999
"Franklin County, Indiana",49583,78.76
"Fulton County, Indiana",57835,76.8
"Gibson County, Indiana",53040,78.55714285714285
"Grant County, Indiana",38645,75.1875
"Greene County, Indiana",49441,76.53333333333335
"Hamilton County, Indiana",90613,81.04999999999997
"Hancock County, Indiana",69968,77.76
"Harrison County, Indiana",52334,78.06666666666666
"Hendricks County, Indiana",73050,79.58095238095238
"Henry County, Indiana",50353,76.63846153846154
"Howard County, Indiana",46793,75.98500000000001
"Huntington County, Indiana",47650,77.57777777777778
"Jackson County, Indiana",42009,76.04999999999998
"Jasper County, Indiana",62909,77.16250000000001
"Jay County, Indiana",40941,76.47142857142858
"Jefferson County, Indiana",46978,75.57142857142857
"Jennings County, Indiana",46370,77.66666666666667
"Johnson County, Indiana",68744,77.68571428571428
"Knox County, Indiana",42266,75.64
"Kosciusko County, Indiana",52888,77.94736842105262
"LaGrange County, Indiana",55888,79.2125
"Lake County, Indiana",50582,75.1725663716814
"LaPorte County, Indiana",45838,75.55357142857143
"Lawrence County, Indiana",48129,74.78
"Madison County, Indiana",45257,75.23055555555554
"Marion County, Indiana",41226,75.01435406698566
"Marshall County, Indiana",47887,78.94166666666666
"Miami County, Indiana",47530,76.33000000000001
"Monroe County, Indiana",45062,78.84347826086956
"Montgomery County, Indiana",48875,78.44444444444446
"Morgan County, Indiana",58755,76.26923076923077
"Noble County, Indiana",51285,77.9
"Owen County, Indiana",41330,76.94
"Porter County, Indiana",63807,77.66071428571429
"Posey County, Indiana",55903,77.88571428571427
"Putnam County, Indiana",60233,77.75714285714285
"Randolph County, Indiana",39926,78.4
"Ripley County, Indiana",50534,78.21666666666665
"St. Joseph County, Indiana",46552,76.45714285714288
"Scott County, Indiana",41732,73.47999999999999
"Shelby County, Indiana",57955,77.64444444444445
"Spencer County, Indiana",56059,80.74
"Starke County, Indiana",50696,73.91428571428571
"Steuben County, Indiana",55474,78.5625
"Sullivan County, Indiana",46964,77.92
"Tippecanoe County, Indiana",50224,78.47419354838712
"Vanderburgh County, Indiana",42564,75.38695652173912
"Vigo County, Indiana",38632,74.74642857142858
"Wabash County, Indiana",47684,76.5625
"Warrick County, Indiana",65138,79.33636363636364
"Washington County, Indiana",40432,74.98333333333333
"Wayne County, Indiana",42160,76.08235294117647
"Wells County, Indiana",57743,80.24285714285713
"White County, Indiana",52121,78.625
"Whitley County, Indiana",55375,80.62857142857142
"Benton County, Iowa",68354,80.77142857142857
"Black Hawk County, Iowa",50169,77.95294117647059
"Boone County, Iowa",58169,80.45714285714287
"Bremer County, Iowa",67216,81.0375
"Buchanan County, Iowa",55101,79.06666666666668
"Buena Vista County, Iowa",52435,80.11666666666666
"Carroll County, Iowa",58838,80.13333333333334
"Cerro Gordo County, Iowa",50044,80.41000000000001
"Clinton County, Iowa",54444,77.90833333333333
"Dallas County, Iowa",78634,81.52666666666664
"Des Moines County, Iowa",49884,78.48181818181818
"Dubuque County, Iowa",58487,79.00769230769232
"Fayette County, Iowa",48482,78.41428571428571
"Henry County, Iowa",48810,79.75999999999999
"Jasper County, Iowa",52632,79.04444444444445
"Johnson County, Iowa",55913,82.14210526315792
"Jones County, Iowa",58610,80.84
"Lee County, Iowa",42370,76.92727272727271
"Linn County, Iowa",57073,79.32954545454548
"Mahaska County, Iowa",48979,78.22857142857143
"Marion County, Iowa",52449,78.675
"Marshall County, Iowa",56250,79.03999999999999
"Muscatine County, Iowa",50453,80.15
"Plymouth County, Iowa",58869,80.75
"Polk County, Iowa",60176,78.43260869565216
"Pottawattamie County, Iowa",53117,78.57333333333331
"Scott County, Iowa",57831,78.36808510638298
"Sioux County, Iowa",61220,82.17142857142858
"Story County, Iowa",50811,81.0923076923077
"Wapello County, Iowa",45027,77.30909090909091
"Warren County, Iowa",65340,79.71666666666665
"Washington County, Iowa",51124,79.9
"Webster County, Iowa",40177,76.50833333333333
"Winneshiek County, Iowa",61017,82.03999999999999
"Woodbury County, Iowa",51146,77.46799999999999
"Barton County, Kansas",53717,78.4125
"Butler County, Kansas",60714,77.57692307692307
"Cherokee County, Kansas",35963,74.63333333333334
"Cowley County, Kansas",49741,76.38181818181819
"Crawford County, Kansas",37217,76.60909090909091
"Douglas County, Kansas",52964,80.145
"Ellis County, Kansas",48004,79.10000000000001
"Finney County, Kansas",57056,77.97999999999999
"Ford County, Kansas",47115,79.94285714285715
"Franklin County, Kansas",52125,77.14
"Geary County, Kansas",45713,76.95714285714287
"Harvey County, Kansas",54538,79.73333333333333
"Johnson County, Kansas",82892,80.71810344827583
"Labette County, Kansas",46538,75.15
"Leavenworth County, Kansas",60423,77.33571428571429
"Lyon County, Kansas",37587,78.08749999999999
"McPherson County, Kansas",63032,78.97142857142856
"Miami County, Kansas",58603,79.7
"Montgomery County, Kansas",44619,75.72307692307693
"Pottawatomie County, Kansas",56297,79.825
"Reno County, Kansas",47376,76.80588235294117
"Riley County, Kansas",46677,80.88888888888889
"Saline County, Kansas",45684,78.03333333333333
"Sedgwick County, Kansas",50840,76.97768595041326
"Seward County, Kansas",40747,79.675
"Shawnee County, Kansas",51123,77.51162790697674
"Sumner County, Kansas",52311,76.98333333333333
"Wyandotte County, Kansas",41800,75.16545454545455
"Allen County, Kentucky",45023,74.53333333333335
"Anderson County, Kentucky",52791,75.86000000000001
"Barren County, Kentucky",38649,75.76
"Bell County, Kentucky",17257,74.21111111111111
"Boone County, Kentucky",67047,78.43333333333332
"Bourbon County, Kentucky",51774,76.97999999999999
"Boyd County, Kentucky",45204,74.49999999999999
"Boyle County, Kentucky",33277,76.5142857142857
"Breckinridge County, Kentucky",42655,74.86666666666666
"Bullitt County, Kentucky",53434,77.06428571428572
"Calloway County, Kentucky",39401,75.85000000000001
"Campbell County, Kentucky",51208,76.29166666666667
"Carter County, Kentucky",37914,75.28571428571429
"Christian County, Kentucky",39827,75.24285714285713
"Clark County, Kentucky",59560,74.73
"Clay County, Kentucky",19752,72.375
"Daviess County, Kentucky",48791,76.6
"Autauga County, Alabama",58892,75.32000000000001
"Baldwin County, Alabama",52003,77.48275862068964
"Barbour County, Alabama",29155,73.97142857142856
"Bibb County, Alabama",33163,73.55
"Blount County, Alabama",53491,76.07777777777777
"Butler County, Alabama",33657,73.3875
"Calhoun County, Alabama",42346,73.13600000000001
"Chambers County, Alabama",35139,73.6111111111111
"Cherokee County, Alabama",37520,74.08333333333333
"Chilton County, Alabama",42083,73.92222222222223
"Clarke County, Alabama",32623,74.38750000000002
"Coffee County, Alabama",45608,76.5357142857143
"Colbert County, Alabama",37589,73.62857142857145
"Covington County, Alabama",36770,74.93076923076923
"Cullman County, Alabama",37862,75.15000000000002
"Dale County, Alabama",48672,76.45384615384616
"Dallas County, Alabama",29820,72.47333333333334
"DeKalb County, Alabama",36559,75.02142857142856
"Elmore County, Alabama",52502,75.49230769230768
"Escambia County, Alabama",34520,73.525
"Etowah County, Alabama",43346,72.52142857142857
"Franklin County, Alabama",40773,73.36666666666667
"Geneva County, Alabama",37268,74.81666666666666
"Houston County, Alabama",43553,75.9681818181818
"Jackson County, Alabama",39467,73.57272727272726
"Jefferson County, Alabama",48492,74.16369426751592
"Lauderdale County, Alabama",42577,74.65454545454546
"Lawrence County, Alabama",40829,73.74285714285715
"Lee County, Alabama",46589,77.54782608695652
"Limestone County, Alabama",55009,75.98125000000002
"Madison County, Alabama",58636,76.79852941176472
"Marengo County, Alabama",30389,75.2
"Marion County, Alabama",32295,74.35714285714286
"Marshall County, Alabama",40525,74.83333333333336
"Mobile County, Alabama",42699,74.15961538461536
"Monroe County, Alabama",19704,75.04285714285713
"Montgomery County, Alabama",42477,74.52037037037037
"Morgan County, Alabama",47229,75.64999999999999
"Pickens County, Alabama",26998,74.32
"Pike County, Alabama",32584,75.42857142857143
"Randolph County, Alabama",35432,74.45
"Russell County, Alabama",35189,72.80000000000001
"St. Clair County, Alabama",54484,74.70833333333333
"Shelby County, Alabama",70192,78.35555555555557
"Talladega County, Alabama",34451,72.72272727272728
"Tallapoosa County, Alabama",39244,74.71000000000001
"Tuscaloosa County, Alabama",49067,75.02142857142857
"Walker County, Alabama",35056,71.43888888888888
"Winston County, Alabama",34955,74.98333333333333
"Anchorage Municipality, Alaska",78662,78.03469387755102
"Fairbanks North Star Borough, Alaska",72975,78.10624999999999
"Juneau City and Borough, Alaska",86110,81.16666666666666
"Kenai Peninsula Borough, Alaska",58683,80.16666666666667
"Matanuska-Susitna Borough, Alaska",76427,78.98695652173912
"Apache County, Arizona",29417,75.74374999999999
"Cochise County, Arizona",43291,78.1642857142857
"Coconino County, Arizona",53152,78.92399999999999
"Gila County, Arizona",41781,78.5076923076923
"Graham County, Arizona",43512,78.25555555555556
"La Paz County, Arizona",36952,76.72857142857143
"Maricopa County, Arizona",56004,78.58918205804753
"Mohave County, Arizona",40908,75.09729729729727
"Navajo County, Arizona",37833,76.65862068965515
"Pima County, Arizona",47099,78.30590909090911
"Pinal County, Arizona",50770,78.60322580645162
"Santa Cruz County, Arizona",31632,81.5
"Yavapai County, Arizona",48105,78.81578947368422
"Yuma County, Arizona",40539,78.11521739130436
"Ashley County, Arkansas",40330,76.23333333333333
"Baxter County, Arkansas",36208,75.2625
"Benton County, Arkansas",58770,78.14042553191489
"Boone County, Arkansas",41017,76.48571428571428
"Carroll County, Arkansas",38903,76.96000000000001
"Clark County, Arkansas",36117,74.97999999999999
"Cleburne County, Arkansas",45316,76.71428571428571
"Columbia County, Arkansas",36605,77.14000000000001
"Conway County, Arkansas",44615,75.05
"Craighead County, Arkansas",40085,75.78235294117648
"Crawford County, Arkansas",47641,75.52727272727273
"Crittenden County, Arkansas",37430,73.30625
"Faulkner County, Arkansas",50596,76.0086956521739
"Garland County, Arkansas",37013,74.28421052631579
"Greene County, Arkansas",44933,75.60000000000001
"Hempstead County, Arkansas",33790,76.72
"Hot Spring County, Arkansas",33024,73.41428571428571
"Independence County, Arkansas",32091,76.55714285714285
"Jefferson County, Arkansas",35381,73.21739130434784
"Johnson County, Arkansas",33493,77.31666666666666
"Logan County, Arkansas",37312,75.88333333333333
"Lonoke County, Arkansas",56893,74.99999999999999
"Miller County, Arkansas",37180,73.22727272727273
"Mississippi County, Arkansas",32554,74.35833333333333
"Ouachita County, Arkansas",37080,75.45
"Poinsett County, Arkansas",31701,72.45714285714287
"Polk County, Arkansas",34096,75.8
"Pope County, Arkansas",36392,76.46363636363637
"Pulaski County, Arkansas",46070,75.63522727272728
"St. Francis County, Arkansas",34668,75.21666666666667
"Saline County, Arkansas",55051,76.67999999999998
"Sebastian County, Arkansas",40448,75.7
"Union County, Arkansas",41847,74.11
"Washington County, Arkansas",46160,77.92000000000002
"White County, Arkansas",38986,75.60000000000001
"Yell County, Arkansas",37078,75.88
"Alameda County, California",81717,80.84585798816569
"Amador County, California",57400,79.19999999999999
"Butte County, California",45644,77.70204081632654
"Calaveras County, California",48329,80.83333333333333
"Colusa County, California",57616,80.22
"Contra Costa County, California",83104,80.81333333333333
"Del Norte County, California",40873,76.48571428571428
"El Dorado County, California",79019,80.75945945945946
"Fresno County, California",46949,78.38848167539267
"Glenn County, California",34197,80.95
"Humboldt County, California",40484,78.19999999999997
"Imperial County, California",40852,80.02413793103447
"Kern County, California",51342,76.83134328358211
"Kings County, California",45746,78.425
"Lake County, California",37294,74.82142857142857
"Lassen County, California",60622,76.425
"Los Angeles County, California",59134,80.56164009111592
"Madera County, California",47150,77.90454545454546
"Marin County, California",100662,83.38823529411765
"Mendocino County, California",41896,79.235
"Merced County, California",41997,78.28958333333334
"Monterey County, California",60494,80.84186046511627
"Napa County, California",75513,81.33333333333334
"Nevada County, California",54177,80.04736842105261
"Orange County, California",78428,81.6575925925925
"Placer County, California",75708,80.3185714285714
"Riverside County, California",58292,79.0438679245283
"Sacramento County, California",58942,78.71533333333339
"San Benito County, California",86268,82.39999999999999
"San Bernardino County, California",53803,78.17443181818186
"San Diego County, California",67320,80.76333907056798
"San Francisco County, California",92094,81.78636363636367
"San Joaquin County, California",53705,77.47028985507248
"San Luis Obispo County, California",62648,80.25581395348836
"San Mateo County, California",101272,82.73947368421052
"Santa Barbara County, California",63625,81.34375
"Santa Clara County, California",102340,82.653125
"Santa Cruz County, California",65139,81.41063829787234
"Shasta County, California",46693,76.77446808510635
"Siskiyou County, California",36120,78.87500000000001
"Solano County, California",67443,78.8011235955056
"Sonoma County, California",66674,80.59052631578949
"Stanislaus County, California",52363,77.62197802197798
"Sutter County, California",52277,78.635
"Tehama County, California",38046,77.2909090909091
"Tulare County, California",42413,77.98831168831167
"Tuolumne County, California",55792,79.46666666666665
"Ventura County, California",80032,81.01987577639747
"Yolo County, California",58966,80.6142857142857
"Yuba County, California",50451,75.96923076923078
"Adams County, Colorado",63493,77.97752808988766
"Arapahoe County, Colorado",67002,79.71190476190473
"Boulder County, Colorado",72009,81.55576923076924
"Broomfield County, Colorado",84921,80.91538461538461
"Delta County, Colorado",40236,78.88571428571429
"Denver County, Colorado",58003,78.5230769230769
"Douglas County, Colorado",107650,82.07647058823527
"Eagle County, Colorado",74161,82.4
"Elbert County, Colorado",93613,80.51428571428572
"El Paso County, Colorado",60109,79.04196428571429
"Fremont County, Colorado",39309,76.13636363636364
"Garfield County, Colorado",63233,81.27
"Jefferson County, Colorado",71136,79.94049586776863
"La Plata County, Colorado",60817,81.72
"Larimer County, Colorado",64919,80.54590163934425
"Logan County, Colorado",42236,78.18333333333334
"Mesa County, Colorado",51465,78.41851851851851
"Montezuma County, Colorado",40093,80.82857142857144
"Montrose County, Colorado",45175,79.38
"Morgan County, Colorado",49909,79.7125
"Pueblo County, Colorado",40050,76.36078431372549
"Routt County, Colorado",71079,81.7625
"Summit County, Colorado",73146,82.05000000000001
"Teller County, Colorado",72500,80.38
"Weld County, Colorado",70256,79.29666666666665
"Fairfield County, Connecticut",86414,81.4990147783251
"Hartford County, Connecticut",69622,79.47914691943129
"Litchfield County, Connecticut",70667,80.0891304347826
"Middlesex County, Connecticut",83530,80.74117647058824
"New Haven County, Connecticut",61760,79.28777777777778
"New London County, Connecticut",65764,79.57903225806453
"Tolland County, Connecticut",82168,81.025
"Windham County, Connecticut",62905,79.36521739130434
"Kent County, Delaware",56778,76.8
"New Castle County, Delaware",66256,77.77073170731705
"Sussex County, Delaware",55065,78.48260869565217
"District of Columbia, District of Columbia",75628,76.40787878787886
"Alachua County, Florida",47895,77.9452380952381
"Baker County, Florida",60259,75.95
"Bay County, Florida",48259,75.825641025641
"Bradford County, Florida",41995,76.2
"Brevard County, Florida",50416,77.31481481481484
"Broward County, Florida",53926,79.3005970149254
"Charlotte County, Florida",45492,78.725
"Citrus County, Florida",40294,75.06296296296297
"Clay County, Florida",58676,77.18620689655172
"Collier County, Florida",62126,81.59152542372883
"Columbia County, Florida",47808,74.75454545454546
"DeSoto County, Florida",32658,77.97777777777779
"Duval County, Florida",49554,75.76826347305389
"Escambia County, Florida",46001,75.15373134328361
"Flagler County, Florida",48864,79.00526315789475
"Gadsden County, Florida",35462,75.62222222222222
"Hardee County, Florida",35334,79.53333333333335
"Hendry County, Florida",40295,78.31666666666668
"Hernando County, Florida",43590,76.17499999999998
"Highlands County, Florida",34242,77.42608695652174
"Hillsborough County, Florida",51725,77.53308270676695
"Indian River County, Florida",49379,79.6777777777778
"Jackson County, Florida",34479,74.72727272727272
"Lake County, Florida",50305,77.76470588235294
"Lee County, Florida",50651,78.68750000000001
"Leon County, Florida",46002,77.57543859649125
"Levy County, Florida",36015,74.925
"Manatee County, Florida",50835,78.9972972972973
"Marion County, Florida",40050,75.44814814814815
"Martin County, Florida",51622,81.60645161290323
"Miami-Dade County, Florida",43786,80.5551362683438
"Monroe County, Florida",61020,79.42399999999999
"Nassau County, Florida",52005,78.21666666666668
"Okaloosa County, Florida",55659,78.0157894736842
"Okeechobee County, Florida",33942,77.05555555555556
"Orange County, Florida",50720,78.43597883597883
"Osceola County, Florida",45244,79.13235294117646
"Palm Beach County, Florida",56664,80.35435540069687
"Pasco County, Florida",46133,76.32123893805311
"Pinellas County, Florida",47618,77.6485981308411
"Polk County, Florida",44061,77.26666666666667
"Putnam County, Florida",31483,74.51875000000001
"St. Johns County, Florida",70379,80.34242424242424
"St. Lucie County, Florida",45905,77.72790697674421
"Santa Rosa County, Florida",59682,77.24583333333332
"Sarasota County, Florida",56286,80.29012345679013
"Seminole County, Florida",57074,79.7898734177215
"Sumter County, Florida",51335,76.05833333333332
"Suwannee County, Florida",36972,75.74285714285715
"Taylor County, Florida",37213,76.075
"Volusia County, Florida",42175,77.03904761904762
"Wakulla County, Florida",44982,76.55
"Walton County, Florida",46866,78.13636363636364
"Washington County, Florida",34653,74.08333333333333
"Baldwin County, Georgia",34255,75.04444444444445
"Barrow County, Georgia",53156,75.16470588235292
"Bartow County, Georgia",50572,76.03571428571429
"Bibb County, Georgia",38605,73.45641025641028
"Bryan County, Georgia",60996,76.14000000000001
"Bulloch County, Georgia",33477,75.61111111111113
"Burke County, Georgia",39069,73.83999999999999
"Butts County, Georgia",37196,75.8
"Camden County, Georgia",54717,76.39999999999999
"Carroll County, Georgia",43410,75.025
"Catoosa County, Georgia",51012,76.49090909090908
"Chatham County, Georgia",49252,76.24500000000003
"Chattooga County, Georgia",38398,72.9
"Cherokee County, Georgia",74104,79.11666666666665
"Clarke County, Georgia",31284,77.49166666666665
"Clayton County, Georgia",42120,75.40476190476191
"Cobb County, Georgia",70246,79.41962616822434
"Coffee County, Georgia",33600,73.16250000000001
"Colquitt County, Georgia",33005,75.30999999999999
"Columbia County, Georgia",75440,78.38333333333334
"Coweta County, Georgia",67351,77.34736842105265
"Crisp County, Georgia",26087,74.95
"Dawson County, Georgia",64393,77.03333333333333
"Decatur County, Georgia",41686,74.35714285714286
"DeKalb County, Georgia",54057,77.7388888888889
"Dodge County, Georgia",35844,75.60000000000001
"Dougherty County, Georgia",35645,74.5076923076923
"Douglas County, Georgia",59329,76.28500000000001
"Effingham County, Georgia",62116,76.24000000000001
"Emanuel County, Georgia",33723,73.10000000000001
"Fannin County, Georgia",42825,75.825
"Fayette County, Georgia",78557,79.77499999999999
"Floyd County, Georgia",40510,75.765
"Forsyth County, Georgia",94537,79.76249999999999
"Franklin County, Georgia",38619,74.44000000000001
"Fulton County, Georgia",60291,77.36481481481478
"Gilmer County, Georgia",51574,79.2
"Glynn County, Georgia",46125,77.23333333333333
"Gordon County, Georgia",37398,76.44444444444444
"Grady County, Georgia",34117,76.5
"Gwinnett County, Georgia",61732,79.04020618556706
"Habersham County, Georgia",44138,78.27499999999999
"Hall County, Georgia",55009,78.11176470588236
"Haralson County, Georgia",37548,73.22
"Harris County, Georgia",64957,80.97500000000001
"Hart County, Georgia",36049,77.02000000000001
"Henry County, Georgia",65342,77.50869565217393
"Houston County, Georgia",55044,77.12272727272725
"Jackson County, Georgia",58029,75.85454545454546
"Jones County, Georgia",52787,75.13333333333333
"Laurens County, Georgia",32914,73.69166666666666
"Lee County, Georgia",72649,77.75
"Liberty County, Georgia",36573,75.97
"Lowndes County, Georgia",34455,75.692
"Lumpkin County, Georgia",45795,77.39999999999999
"McDuffie County, Georgia",32066,74.03999999999999
"Madison County, Georgia",38173,75.30000000000001
"Meriwether County, Georgia",37332,74.125
"Mitchell County, Georgia",35851,75.2
"Monroe County, Georgia",46723,77.03999999999999
"Murray County, Georgia",44046,74.66250000000001
"Muscogee County, Georgia",41859,74.49583333333335
"Newton County, Georgia",50806,75.76153846153846
"Oconee County, Georgia",72194,80.83333333333333
"Paulding County, Georgia",60214,77.19375
"Peach County, Georgia",40450,75.53999999999999
"Pickens County, Georgia",67813,77.26666666666667
"Polk County, Georgia",37028,73.72857142857143
"Putnam County, Georgia",49303,75.76666666666667
"Richmond County, Georgia",41672,73.71463414634145
"Washington County, Minnesota",87995,81.84791666666668
"Winona County, Minnesota",55866,80.91111111111111
"Wright County, Minnesota",76306,81.23125000000002
"Adams County, Mississippi",30906,73.14444444444445
"Alcorn County, Mississippi",46756,73.83333333333333
"Bolivar County, Mississippi",25666,74.7375
"Clay County, Mississippi",27220,74.44999999999999
"Coahoma County, Mississippi",21951,74.41428571428571
"Copiah County, Mississippi",34232,74.0
"DeSoto County, Mississippi",60394,76.73030303030303
"Forrest County, Mississippi",33779,73.94375
"George County, Mississippi",46965,74.8
"Grenada County, Mississippi",32418,73.28
"Hancock County, Mississippi",48225,76.27142857142857
"Harrison County, Mississippi",42297,74.145
"Hinds County, Mississippi",39002,75.13333333333331
"Itawamba County, Mississippi",33517,74.96000000000001
"Jackson County, Mississippi",45596,75.12083333333334
"Jones County, Mississippi",32856,75.26923076923077
"Lafayette County, Mississippi",41572,77.87777777777778
"Lamar County, Mississippi",53871,76.3125
"Lauderdale County, Mississippi",37676,74.43333333333334
"Leake County, Mississippi",35948,73.94
"Lee County, Mississippi",39581,77.3722222222222
"Leflore County, Mississippi",24540,72.6875
"Lincoln County, Mississippi",42247,73.26666666666667
"Lowndes County, Mississippi",45274,76.06153846153846
"Madison County, Mississippi",67907,78.79
"Marion County, Mississippi",30107,71.65
"Marshall County, Mississippi",41750,74.02
"Monroe County, Mississippi",40225,75.81111111111112
"Neshoba County, Mississippi",34526,72.6857142857143
"Newton County, Mississippi",29991,73.55999999999999
"Oktibbeha County, Mississippi",43022,77.5625
"Panola County, Mississippi",36223,73.26666666666667
"Pearl River County, Mississippi",43879,74.50000000000001
"Pike County, Mississippi",31881,73.05
"Pontotoc County, Mississippi",34715,77.78
"Prentiss County, Mississippi",41003,76.46
"Rankin County, Mississippi",57500,77.71666666666665
"Scott County, Mississippi",32875,74.11666666666667
"Simpson County, Mississippi",39143,73.9
"Sunflower County, Mississippi",27383,73.6
"Tate County, Mississippi",42056,75.5
"Tippah County, Mississippi",39783,73.55000000000001
"Union County, Mississippi",38310,76.01666666666667
"Warren County, Mississippi",37237,74.21666666666667
"Washington County, Mississippi",24840,72.26842105263158
"Wayne County, Mississippi",34712,74.625
"Yazoo County, Mississippi",37113,73.5
"Adair County, Missouri",43997,77.72
"Audrain County, Missouri",40965,77.12857142857142
"Barry County, Missouri",36102,76.77142857142857
"Boone County, Missouri",50520,79.48260869565217
"Buchanan County, Missouri",49302,75.32400000000001
"Butler County, Missouri",34818,72.56
"Callaway County, Missouri",51431,77.5875
"Camden County, Missouri",55292,79.5090909090909
"Cape Girardeau County, Missouri",49731,77.50714285714285
"Cass County, Missouri",62561,78.02105263157895
"Christian County, Missouri",53730,79.11428571428573
"Clay County, Missouri",65090,78.41666666666667
"Clinton County, Missouri",63665,76.75
"Cole County, Missouri",56855,77.6
"Crawford County, Missouri",35679,75.16
"Dunklin County, Missouri",30690,73.17999999999999
"Franklin County, Missouri",48694,77.09411764705882
"Greene County, Missouri",43675,77.05689655172414
"Henry County, Missouri",44474,74.95
"Howell County, Missouri",40179,75.63749999999999
"Jackson County, Missouri",48212,75.77329545454549
"Jasper County, Missouri",44314,75.69999999999999
"Jefferson County, Missouri",58704,76.46829268292683
"Johnson County, Missouri",42526,77.7
"Laclede County, Missouri",44808,75.71666666666667
"Lafayette County, Missouri",51421,77.05714285714285
"Lawrence County, Missouri",41674,76.55714285714285
"Lincoln County, Missouri",52466,76.62857142857142
"McDonald County, Missouri",38740,76.775
"Marion County, Missouri",38729,76.775
"Miller County, Missouri",40445,76.49999999999999
"Morgan County, Missouri",32250,75.35999999999999
"Newton County, Missouri",46701,76.33333333333334
"Nodaway County, Missouri",36913,77.46000000000001
"Pettis County, Missouri",42518,77.8090909090909
"Phelps County, Missouri",41149,77.03
"Platte County, Missouri",70837,79.62352941176471
"Polk County, Missouri",42771,77.85
"Pulaski County, Missouri",42072,75.01666666666667
"Randolph County, Missouri",35918,75.56666666666666
"Ray County, Missouri",54287,77.225
"St. Charles County, Missouri",73116,79.93376623376625
"St. Francois County, Missouri",42863,74.09999999999998
"St. Louis County, Missouri",61516,78.62408376963354
"Saline County, Missouri",40545,77.5625
"Scott County, Missouri",38856,77.19999999999999
"Stoddard County, Missouri",38882,75.35
"Stone County, Missouri",42343,77.64999999999999
"Taney County, Missouri",41309,77.02999999999999
"Texas County, Missouri",39907,76.475
"Vernon County, Missouri",41135,75.93333333333334
"Warren County, Missouri",41422,79.08000000000001
"Washington County, Missouri",42832,74.24
"Webster County, Missouri",42842,76.89999999999999
"St. Louis city, Missouri",38397,73.39484536082476
"Cascade County, Montana",45606,76.86190476190477
"Flathead County, Montana",46899,79.89444444444446
"Gallatin County, Montana",57535,80.91578947368421
"Lake County, Montana",40247,79.9375
"Lewis and Clark County, Montana",58796,79.27857142857144
"Missoula County, Montana",42815,79.13888888888889
"Ravalli County, Montana",52273,80.17
"Silver Bow County, Montana",41075,75.70000000000002
"Yellowstone County, Montana",58026,78.12903225806453
"Adams County, Nebraska",45781,79.21111111111111
"Buffalo County, Nebraska",55441,80.81818181818181
"Cass County, Nebraska",66742,78.8
"Dakota County, Nebraska",48474,78.30000000000001
"Dawson County, Nebraska",46207,79.64285714285714
"Dodge County, Nebraska",46065,78.42222222222222
"Douglas County, Nebraska",58359,77.83241379310346
"Gage County, Nebraska",51618,77.55714285714286
"Hall County, Nebraska",50453,79.49285714285715
"Lancaster County, Nebraska",53807,79.26615384615386
"Lincoln County, Nebraska",54252,79.7125
"Madison County, Nebraska",50850,79.66666666666667
"Platte County, Nebraska",59427,81.18571428571428
"Sarpy County, Nebraska",73518,80.18947368421054
"Saunders County, Nebraska",59941,79.9
"Scotts Bluff County, Nebraska",41548,78.89999999999999
"Washington County, Nebraska",58134,81.3
"Churchill County, Nevada",57342,78.06666666666666
"Clark County, Nevada",51552,77.28933649289093
"Douglas County, Nevada",60636,79.76666666666667
"Elko County, Nevada",78311,78.11428571428571
"Lyon County, Nevada",52620,78.0375
"Nye County, Nevada",42028,75.00000000000001
"Washoe County, Nevada",56382,78.19468085106384
"Carson City, Nevada",42251,77.5
"Belknap County, New Hampshire",69565,80.21428571428574
"Carroll County, New Hampshire",56237,82.52727272727273
"Cheshire County, New Hampshire",61780,80.42
"Coos County, New Hampshire",39408,78.80000000000001
"Grafton County, New Hampshire",58183,81.67894736842106
"Hillsborough County, New Hampshire",74323,79.05975609756098
"Merrimack County, New Hampshire",68566,79.50285714285712
"Rockingham County, New Hampshire",87960,80.5873015873016
"Strafford County, New Hampshire",61563,79.51363636363638
"Sullivan County, New Hampshire",51313,80.00000000000001
"Atlantic County, New Jersey",54052,77.55
"Bergen County, New Jersey",89023,82.34943181818177
"Burlington County, New Jersey",74800,78.78921568627453
"Camden County, New Jersey",65025,77.80560000000004
"Cape May County, New Jersey",57116,78.34
"Cumberland County, New Jersey",51315,76.32903225806453
"Essex County, New Jersey",52041,78.11300000000003
"Gloucester County, New Jersey",77565,77.635
"Hudson County, New Jersey",60530,79.79403973509932
"Hunterdon County, New Jersey",102122,82.604
"Mercer County, New Jersey",72417,78.86027397260273
"Middlesex County, New Jersey",78643,80.70182926829273
"Monmouth County, New Jersey",87092,79.84626865671646
"Morris County, New Jersey",101661,82.0295918367347
"Ocean County, New Jersey",63765,78.41743119266054
"Passaic County, New Jersey",55954,79.26842105263157
"Salem County, New Jersey",68830,76.97500000000001
"Somerset County, New Jersey",98440,81.79076923076926
"Sussex County, New Jersey",85086,79.69210526315788
"Union County, New Jersey",71163,80.15377358490565
"Warren County, New Jersey",71277,79.94999999999999
"Bernalillo County, New Mexico",47747,78.53669064748205
"Chaves County, New Mexico",38044,77.16875
"Cibola County, New Mexico",32690,76.97142857142858
"Curry County, New Mexico",40274,76.64545454545454
"Eddy County, New Mexico",64153,75.74999999999999
"Grant County, New Mexico",40977,80.25
"Lea County, New Mexico",56260,76.94375
"Luna County, New Mexico",23893,76.76666666666667
"McKinley County, New Mexico",28212,76.07499999999999
"Otero County, New Mexico",36142,77.43076923076923
"Rio Arriba County, New Mexico",30182,79.25
"Sandoval County, New Mexico",63598,79.3076923076923
"San Juan County, New Mexico",49613,78.39090909090908
"San Miguel County, New Mexico",30727,77.77142857142857
"Santa Fe County, New Mexico",55676,80.49111111111111
"Taos County, New Mexico",41565,81.41666666666667
"Valencia County, New Mexico",42092,77.61764705882352
"Albany County, New York",57042,79.4820895522388
"Allegany County, New York",44486,81.26666666666667
"Bronx County, New York",35176,78.23841269841266
"Broome County, New York",46152,79.32244897959184
"Cattaraugus County, New York",40016,79.4
"Cayuga County, New York",53146,80.92631578947369
"Chautauqua County, New York",44460,78.85294117647061
"Chemung County, New York",53119,77.56666666666668
"Chenango County, New York",50586,80.56666666666665
"Clinton County, New York",45377,79.63749999999997
"Columbia County, New York",60180,81.76500000000001
"Cortland County, New York",51462,80.24545454545455
"Delaware County, New York",42358,81.43846153846154
"Dutchess County, New York",71864,80.55675675675678
"Erie County, New York",52214,77.66696832579181
"Essex County, New York",55440,81.03846153846153
"Franklin County, New York",47739,79.28571428571429
"Fulton County, New York",47763,79.52666666666666
"Genesee County, New York",55164,79.8142857142857
"Greene County, New York",45984,80.39285714285714
"Herkimer County, New York",50678,79.58421052631577
"Jefferson County, New York",51107,80.05909090909091
"Kings County, New York",51141,80.06123595505619
"Lewis County, New York",51677,84.74285714285715
"Livingston County, New York",53441,81.16153846153846
"Madison County, New York",60286,81.9
"Monroe County, New York",54077,79.30113636363639
"Montgomery County, New York",45938,79.32666666666667
"Nassau County, New York",101830,82.36617100371741
"New York County, New York",75575,81.93502109704644
"Niagara County, New York",48160,77.13620689655173
"Oneida County, New York",48023,78.75781249999999
"Onondaga County, New York",57365,79.4015384615385
"Ontario County, New York",57711,80.244
"Orange County, New York",73031,80.21866666666668
"Orleans County, New York",50519,78.26
"Oswego County, New York",49767,79.65714285714284
"Otsego County, New York",49691,81.07333333333334
"Putnam County, New York",90538,81.85294117647058
"Queens County, New York",60422,81.48370967741924
"Rensselaer County, New York",60810,79.05121951219513
"Richmond County, New York",71622,79.58921568627454
"Rockland County, New York",85392,82.31250000000003
"St. Lawrence County, New York",42144,81.07999999999998
"Saratoga County, New York",75761,81.69166666666666
"Schenectady County, New York",61108,78.84186046511628
"Schoharie County, New York",51662,81.91428571428571
"Seneca County, New York",50415,80.65
"Steuben County, New York",47146,79.78620689655172
"Suffolk County, New York",88340,80.6804560260586
"Sullivan County, New York",51761,79.99565217391304
"Tioga County, New York",62700,80.54999999999998
"Tompkins County, New York",58084,81.31176470588235
"Ulster County, New York",59758,80.21707317073171
"Warren County, New York",57541,79.66111111111111
"Washington County, New York",52808,81.43529411764706
"Wayne County, New York",50561,80.11428571428571
"Westchester County, New York",86108,82.36874999999999
"Wyoming County, New York",52136,79.37272727272727
"Yates County, New York",47419,80.58
"Alamance County, North Carolina",39541,77.94
"Alexander County, North Carolina",36335,77.17142857142858
"Anson County, North Carolina",33880,75.71666666666665
"Ashe County, North Carolina",32105,77.48333333333333
"Beaufort County, North Carolina",43225,75.49090909090908
"Bertie County, North Carolina",31425,77.0
"Bladen County, North Carolina",27922,76.85
"Brunswick County, North Carolina",46640,77.12083333333334
"Buncombe County, North Carolina",44619,77.93207547169813
"Burke County, North Carolina",42970,76.74705882352941
"Cabarrus County, North Carolina",56853,77.30270270270273
"Caldwell County, North Carolina",38708,75.85625
"Carteret County, North Carolina",51048,78.07187500000002
"Caswell County, North Carolina",39567,75.71666666666667
"Catawba County, North Carolina",40450,75.94333333333336
"Chatham County, North Carolina",55642,82.09166666666667
"Cherokee County, North Carolina",39879,76.17142857142856
"Cleveland County, North Carolina",38885,74.56190476190477
"Columbus County, North Carolina",34421,74.16923076923078
"Craven County, North Carolina",48145,76.60526315789475
"Cumberland County, North Carolina",42107,75.09642857142856
"Currituck County, North Carolina",73602,76.10000000000001
"Dare County, North Carolina",52833,78.75555555555556
"Davidson County, North Carolina",46150,75.946875
"Davie County, North Carolina",50434,77.57142857142857
"Duplin County, North Carolina",35988,79.5
"Durham County, North Carolina",53495,78.5294117647059
"Edgecombe County, North Carolina",29274,76.30714285714286
"Forsyth County, North Carolina",46477,77.14545454545457
"Franklin County, North Carolina",47318,77.05833333333334
"Gaston County, North Carolina",44293,75.00172413793103
"Granville County, North Carolina",50168,77.82727272727271
"Greene County, North Carolina",30910,77.07499999999999
"Guilford County, North Carolina",47786,78.17706422018351
"Halifax County, North Carolina",31273,75.41818181818184
"Harnett County, North Carolina",48960,76.73999999999998
"Haywood County, North Carolina",46372,77.10714285714285
"Henderson County, North Carolina",47021,79.35000000000001
"Hertford County, North Carolina",34794,76.17999999999999
"Hoke County, North Carolina",40902,76.65
"Iredell County, North Carolina",55949,76.96499999999999
"Jackson County, North Carolina",40644,78.30000000000001
"Johnston County, North Carolina",52234,77.16250000000001
"Lee County, North Carolina",41834,75.94615384615385
"Lenoir County, North Carolina",35773,74.2857142857143
"Lincoln County, North Carolina",46884,77.27222222222224
"McDowell County, North Carolina",32861,76.64
"Macon County, North Carolina",42052,78.04444444444444
"Madison County, North Carolina",37266,78.66666666666667
"Martin County, North Carolina",36650,77.08000000000001
"Mecklenburg County, North Carolina",56883,78.51632653061222
"Montgomery County, North Carolina",37698,76.10000000000001
"Moore County, North Carolina",51547,80.76874999999998
"Nash County, North Carolina",42718,76.37222222222223
"New Hanover County, North Carolina",52685,77.83783783783785
"Northampton County, North Carolina",29712,76.96000000000001
"Onslow County, North Carolina",45832,77.008
"Orange County, North Carolina",61164,79.85000000000001
"Pasquotank County, North Carolina",42496,76.18888888888888
"Pender County, North Carolina",52482,77.23846153846154
"Person County, North Carolina",37989,76.39999999999999
"Pitt County, North Carolina",41453,77.71379310344828
"Polk County, North Carolina",46992,79.48571428571428
"Randolph County, North Carolina",42347,76.4642857142857
"Richmond County, North Carolina",29329,74.38888888888887
"Robeson County, North Carolina",31558,74.33333333333334
"Rockingham County, North Carolina",38241,75.8047619047619
"Rowan County, North Carolina",45320,74.97586206896553
"Rutherford County, North Carolina",35594,75.31666666666666
"Sampson County, North Carolina",40186,75.60000000000001
"Scotland County, North Carolina",35359,75.58571428571429
"Stanly County, North Carolina",44292,76.75384615384615
"Stokes County, North Carolina",40819,77.23333333333333
"Surry County, North Carolina",37337,76.59
"Transylvania County, North Carolina",47463,79.88571428571429
"Union County, North Carolina",71729,78.3470588235294
"Vance County, North Carolina",29303,74.21000000000001
"Wake County, North Carolina",70533,80.25064102564097
"Warren County, North Carolina",27957,76.12
"Watauga County, North Carolina",40083,80.24999999999999
"Wayne County, North Carolina",40361,75.5375
"Wilkes County, North Carolina",40919,76.47692307692307
"Wilson County, North Carolina",41204,77.28333333333335
"Yadkin County, North Carolina",37059,76.1857142857143
"Burleigh County, North Dakota",65079,81.01111111111112
"Cass County, North Dakota",53728,79.69032258064516
"Grand Forks County, North Dakota",51264,79.06
"Morton County, North Dakota",70389,80.8
"Stark County, North Dakota",76948,80.72499999999998
"Stutsman County, North Dakota",57651,78.61666666666666
"Ward County, North Dakota",62631,78.9909090909091
"Williams County, North Dakota",97307,78.3142857142857
"Adams County, Ohio",34511,74.02000000000001
"Allen County, Ohio",50332,76.88333333333335
"Ashland County, Ohio",47197,77.91818181818181
"Ashtabula County, Ohio",44511,75.79599999999999
"Athens County, Ohio",36511,76.85833333333333
"Auglaize County, Ohio",60131,78.44545454545455
"Belmont County, Ohio",46113,75.64999999999999
"Brown County, Ohio",46766,75.07777777777778
"Butler County, Ohio",58785,76.1902777777778
"Carroll County, Ohio",57399,77.47142857142856
"Champaign County, Ohio",60951,76.97777777777779
"Clark County, Ohio",47963,74.31463414634146
"Clermont County, Ohio",62054,77.6236842105263
"Clinton County, Ohio",45667,75.23333333333333
"Columbiana County, Ohio",41887,76.175
"Coshocton County, Ohio",40381,77.03
"Crawford County, Ohio",38470,76.10000000000001
"Cuyahoga County, Ohio",45297,76.2506203473945
"Darke County, Ohio",51858,78.60833333333333
"Defiance County, Ohio",54670,77.76666666666667
"Delaware County, Ohio",96410,79.83529411764708
"Erie County, Ohio",47544,76.5888888888889
"Fairfield County, Ohio",61291,78.36785714285715
"Fayette County, Ohio",45120,74.98571428571428
"Franklin County, Ohio",53882,76.2471074380165
"Fulton County, Ohio",60339,78.72222222222223
"Gallia County, Ohio",37212,73.92857142857143
"Geauga County, Ohio",75895,80.50000000000001
"Greene County, Ohio",59803,78.3
"Guernsey County, Ohio",41860,76.28999999999999
"Hamilton County, Ohio",50990,76.135960591133
"Hancock County, Ohio",54709,78.60000000000001
"Hardin County, Ohio",42453,77.60000000000001
"Henry County, Ohio",58820,80.3
"Highland County, Ohio",38506,75.16666666666667
"Hocking County, Ohio",42730,77.24285714285715
"Holmes County, Ohio",57094,83.0
"Huron County, Ohio",47616,77.13076923076923
"Jackson County, Ohio",43515,73.48571428571428
"Jefferson County, Ohio",44194,74.17391304347827
"Knox County, Ohio",50042,77.175
"Lake County, Ohio",60810,78.00714285714285
"Lawrence County, Ohio",36838,74.22500000000001
"Licking County, Ohio",59883,77.0290322580645
"Logan County, Ohio",48861,76.91818181818181
"Lorain County, Ohio",52373,76.86666666666667
"Lucas County, Ohio",42594,75.12357723577237
"Madison County, Ohio",68377,76.59090909090908
"Mahoning County, Ohio",41910,75.20882352941175
"Marion County, Ohio",40607,75.02941176470587
"Medina County, Ohio",69989,79.4888888888889
"Meigs County, Ohio",39132,76.75
"Mercer County, Ohio",55307,78.93333333333334
"Miami County, Ohio",49156,77.67142857142856
"Montgomery County, Ohio",46561,75.34861111111111
"Morrow County, Ohio",52207,77.06666666666666
"Muskingum County, Ohio",42815,76.07894736842107
"Ottawa County, Ohio",59694,78.6
"Perry County, Ohio",42358,77.2
"Pickaway County, Ohio",61618,75.60000000000001
"Pike County, Ohio",35868,73.64999999999999
"Portage County, Ohio",52835,77.66969696969699
"Preble County, Ohio",50939,76.53333333333335
"Putnam County, Ohio",57611,80.57142857142857
"Richland County, Ohio",45155,75.37241379310345
"Ross County, Ohio",44907,74.75625000000001
"Sandusky County, Ohio",49848,77.57333333333332
"Scioto County, Ohio",35833,73.57000000000001
"Seneca County, Ohio",50268,78.37142857142858
"Shelby County, Ohio",62529,78.74999999999999
"Stark County, Ohio",48819,76.91411764705883
"Summit County, Ohio",51309,76.4356589147287
"Trumbull County, Ohio",42368,75.65818181818179
"Tuscarawas County, Ohio",47331,78.31428571428572
"Union County, Ohio",77116,78.27777777777777
"Van Wert County, Ohio",52602,77.11111111111111
"Warren County, Ohio",81017,78.98437499999999
"Washington County, Ohio",42115,76.72500000000001
"Wayne County, Ohio",52760,78.56129032258065
"Williams County, Ohio",48737,79.35555555555555
"Wood County, Ohio",57027,78.84800000000001
"Wyandot County, Ohio",51012,80.73333333333333
"Adair County, Oklahoma",31028,75.34
"Beckham County, Oklahoma",36479,74.9
"Bryan County, Oklahoma",42125,76.91818181818181
"Caddo County, Oklahoma",48998,79.71249999999999
"Canadian County, Oklahoma",62045,77.22962962962964
"Carter County, Oklahoma",45203,74.28181818181817
"Cherokee County, Oklahoma",44784,74.76666666666667
"Cleveland County, Oklahoma",59336,76.62884615384615
"Comanche County, Oklahoma",47587,74.76428571428572
"Creek County, Oklahoma",46665,75.27619047619048
"Custer County, Oklahoma",47336,76.42
"Delaware County, Oklahoma",39485,75.72222222222223
"Garfield County, Oklahoma",48222,76.275
"Garvin County, Oklahoma",49349,73.9
"Grady County, Oklahoma",53735,77.06666666666666
"Jackson County, Oklahoma",45743,75.86250000000001
"Kay County, Oklahoma",43497,74.83636363636364
"Le Flore County, Oklahoma",38781,74.41666666666667
"Lincoln County, Oklahoma",48120,76.67142857142858
"Logan County, Oklahoma",56462,77.9875
"McClain County, Oklahoma",52312,76.35
"McCurtain County, Oklahoma",30986,75.64999999999999
"McIntosh County, Oklahoma",35621,69.71666666666665
"Mayes County, Oklahoma",47874,76.10000000000001
"Muskogee County, Oklahoma",41016,73.5375
"Oklahoma County, Oklahoma",49693,75.36697674418608
"Okmulgee County, Oklahoma",40576,73.78999999999999
"Osage County, Oklahoma",41787,77.6
"Ottawa County, Oklahoma",35768,74.01111111111112
"Payne County, Oklahoma",39840,77.00666666666667
"Pittsburg County, Oklahoma",44978,75.89166666666667
"Pontotoc County, Oklahoma",46984,75.28
"Pottawatomie County, Oklahoma",43317,74.00625000000002
"Rogers County, Oklahoma",63041,76.47142857142856
"Seminole County, Oklahoma",40508,75.94444444444444
"Sequoyah County, Oklahoma",35502,75.33333333333334
"Stephens County, Oklahoma",44819,75.1909090909091
"Texas County, Oklahoma",50903,79.14
"Tulsa County, Oklahoma",51287,76.0732142857142
"Wagoner County, Oklahoma",57319,76.02000000000001
"Washington County, Oklahoma",51941,76.5923076923077
"Woodward County, Oklahoma",62500,75.55999999999999
"Benton County, Oregon",52852,81.91538461538462
"Clackamas County, Oregon",69629,79.89740259740257
"Clatsop County, Oregon",47770,77.9909090909091
"Columbia County, Oregon",49901,78.72
"Coos County, Oregon",38351,76.20833333333333
"Crook County, Oregon",43395,77.25
"Curry County, Oregon",36020,75.85
"Deschutes County, Oregon",57373,79.91363636363636
"Douglas County, Oregon",41428,76.87272727272729
"Hood River County, Oregon",54098,81.3
"Jackson County, Oregon",43948,78.34
"Jefferson County, Oregon",39818,78.0
"Josephine County, Oregon",41493,76.85625
"Klamath County, Oregon",43952,77.63000000000002
"Lane County, Oregon",47318,78.76455696202531
"Lincoln County, Oregon",40807,77.91176470588235
"Linn County, Oregon",47527,77.88571428571429
"Malheur County, Oregon",37380,77.77142857142857
"Marion County, Oregon",52047,79.30877192982456
"Multnomah County, Oregon",59231,78.87278481012662
"Polk County, Oregon",54970,79.26363636363637
"Tillamook County, Oregon",45695,78.325
"Umatilla County, Oregon",49472,78.9714285714286
"Union County, Oregon",49583,78.41250000000001
"Wasco County, Oregon",43933,77.88750000000002
"Washington County, Oregon",70447,81.2010101010101
"Yamhill County, Oregon",51084,79.61176470588236
"Adams County, Pennsylvania",61023,79.99545454545456
"Allegheny County, Pennsylvania",54467,77.23613445378145
"Armstrong County, Pennsylvania",44477,77.78947368421053
"Beaver County, Pennsylvania",50128,77.20399999999998
"Bedford County, Pennsylvania",46465,78.58181818181818
"Berks County, Pennsylvania",56122,78.46477272727273
"Blair County, Pennsylvania",45432,77.53823529411764
"Bradford County, Pennsylvania",48983,79.19285714285715
"Bucks County, Pennsylvania",80575,79.60857142857147
"Rock County, Wisconsin",53777,77.94375
"St. Croix County, Wisconsin",71449,79.6923076923077
"Sauk County, Wisconsin",51638,80.19999999999999
"Shawano County, Wisconsin",51141,79.49000000000001
"Sheboygan County, Wisconsin",57047,78.89200000000001
"Taylor County, Wisconsin",48208,83.85999999999999
"Trempealeau County, Wisconsin",54332,80.825
"Vernon County, Wisconsin",49737,81.02857142857144
"Vilas County, Wisconsin",40402,79.02000000000001
"Walworth County, Wisconsin",58537,79.01052631578946
"Washington County, Wisconsin",69713,79.86153846153846
"Waukesha County, Wisconsin",77761,80.8297297297297
"Waupaca County, Wisconsin",55459,77.88333333333333
"Waushara County, Wisconsin",51227,79.48333333333333
"Winnebago County, Wisconsin",52136,78.84054054054054
"Wood County, Wisconsin",50796,79.52666666666666
"Albany County, Wyoming",44243,80.9125
"Campbell County, Wyoming",82734,78.42
"Fremont County, Wyoming",54135,78.9
"Laramie County, Wyoming",60599,80.44117647058822
"Natrona County, Wyoming",52886,79.5294117647059
"Park County, Wyoming",57124,81.67999999999999
"Sheridan County, Wyoming",60276,79.71666666666667
"Sweetwater County, Wyoming",67585,79.17777777777778
"Teton County, Wyoming",75185,81.95
"Uinta County, Wyoming",54583,77.7
"Butler County, Pennsylvania",68848,78.86744186046512
"Cambria County, Pennsylvania",44179,77.34358974358975
"Carbon County, Pennsylvania",57387,77.00833333333331
"Centre County, Pennsylvania",56337,81.78260869565216
"Chester County, Pennsylvania",90503,80.77272727272727
"Clarion County, Pennsylvania",37525,79.17999999999999
"Clearfield County, Pennsylvania",44666,78.12
"Clinton County, Pennsylvania",48125,79.16666666666666
"Columbia County, Pennsylvania",42599,78.4142857142857
"Crawford County, Pennsylvania",46574,77.71363636363635
"Cumberland County, Pennsylvania",63890,79.81304347826087
"Dauphin County, Pennsylvania",54232,78.06923076923076
"Delaware County, Pennsylvania",67584,77.65971223021579
"Elk County, Pennsylvania",44939,78.33333333333331
"Erie County, Pennsylvania",47386,77.30303030303034
"Fayette County, Pennsylvania",40495,76.33714285714285
"Franklin County, Pennsylvania",57960,80.05555555555556
"Greene County, Pennsylvania",52264,77.83333333333333
"Huntingdon County, Pennsylvania",44359,79.95833333333334
"Indiana County, Pennsylvania",46990,78.82000000000001
"Jefferson County, Pennsylvania",46082,77.74615384615385
"Juniata County, Pennsylvania",51780,79.38
"Lackawanna County, Pennsylvania",48518,76.66491228070177
"Lancaster County, Pennsylvania",59262,79.84183673469389
"Lawrence County, Pennsylvania",42921,76.98928571428571
"Lebanon County, Pennsylvania",52571,78.94838709677421
"Lehigh County, Pennsylvania",56452,79.35
"Luzerne County, Pennsylvania",50301,76.52828282828283
"Lycoming County, Pennsylvania",51455,79.07037037037036
"McKean County, Pennsylvania",46527,77.05000000000001
"Mercer County, Pennsylvania",47051,77.26785714285712
"Mifflin County, Pennsylvania",41641,78.59166666666665
"Monroe County, Pennsylvania",57318,79.59333333333332
"Montgomery County, Pennsylvania",83254,80.24660194174756
"Northampton County, Pennsylvania",62436,79.680303030303
"Northumberland County, Pennsylvania",44989,77.03333333333333
"Perry County, Pennsylvania",54567,77.17
"Philadelphia County, Pennsylvania",41233,75.37971830985911
"Pike County, Pennsylvania",60975,80.47999999999999
"Schuylkill County, Pennsylvania",45810,76.29230769230767
"Snyder County, Pennsylvania",51774,81.17142857142858
"Somerset County, Pennsylvania",43660,78.05714285714286
"Susquehanna County, Pennsylvania",51479,79.26363636363637
"Tioga County, Pennsylvania",49137,78.57
"Union County, Pennsylvania",58674,80.55714285714286
"Venango County, Pennsylvania",46297,77.27499999999999
"Warren County, Pennsylvania",45200,78.53076923076922
"Washington County, Pennsylvania",58085,76.98596491228072
"Wayne County, Pennsylvania",52249,77.73333333333333
"Westmoreland County, Pennsylvania",53540,77.95510204081634
"Wyoming County, Pennsylvania",52018,79.38571428571429
"York County, Pennsylvania",58409,78.36250000000001
"Bristol County, Rhode Island",80125,80.69999999999999
"Kent County, Rhode Island",65931,78.8702702702703
"Newport County, Rhode Island",66026,80.51500000000001
"Providence County, Rhode Island",50565,78.52857142857147
"Washington County, Rhode Island",72453,80.64
"Abbeville County, South Carolina",31288,77.64999999999999
"Aiken County, South Carolina",47219,77.07999999999998
"Anderson County, South Carolina",43558,76.52051282051282
"Barnwell County, South Carolina",26324,75.74000000000001
"Beaufort County, South Carolina",60257,80.01875000000001
"Berkeley County, South Carolina",56548,76.95526315789475
"Charleston County, South Carolina",57079,77.61599999999999
"Cherokee County, South Carolina",32102,74.18461538461538
"Chester County, South Carolina",30355,73.75454545454546
"Chesterfield County, South Carolina",35841,75.42
"Clarendon County, South Carolina",37542,75.39999999999999
"Colleton County, South Carolina",31714,73.53333333333332
"Darlington County, South Carolina",33922,73.45333333333333
"Dillon County, South Carolina",28966,75.05
"Dorchester County, South Carolina",54521,78.00434782608696
"Edgefield County, South Carolina",47994,77.05
"Fairfield County, South Carolina",32152,76.25
"Florence County, South Carolina",40883,74.50625000000002
"Georgetown County, South Carolina",43158,76.26428571428572
"Greenville County, South Carolina",51908,77.543119266055
"Greenwood County, South Carolina",43218,77.88571428571429
"Hampton County, South Carolina",28337,75.72
"Horry County, South Carolina",47541,77.03432835820895
"Jasper County, South Carolina",36375,75.85000000000001
"Kershaw County, South Carolina",47995,75.38000000000002
"Lancaster County, South Carolina",45676,75.46153846153845
"Laurens County, South Carolina",39474,75.45333333333332
"Lexington County, South Carolina",55227,77.73943661971829
"Marion County, South Carolina",29796,73.75
"Marlboro County, South Carolina",34969,73.72857142857143
"Newberry County, South Carolina",38189,77.3875
"Oconee County, South Carolina",43266,76.05
"Orangeburg County, South Carolina",38596,74.33333333333334
"Pickens County, South Carolina",42449,75.53478260869566
"Richland County, South Carolina",51301,76.78356164383561
"Saluda County, South Carolina",40458,78.2
"Spartanburg County, South Carolina",45125,76.24179104477612
"Sumter County, South Carolina",41169,75.26666666666667
"Union County, South Carolina",30053,73.48888888888888
"Williamsburg County, South Carolina",26326,73.17999999999999
"York County, South Carolina",56359,77.17555555555556
"Brookings County, South Dakota",55220,80.01666666666667
"Brown County, South Dakota",51427,79.7375
"Codington County, South Dakota",51590,82.47142857142856
"Lawrence County, South Dakota",54077,79.26
"Lincoln County, South Dakota",76533,80.75
"Meade County, South Dakota",55390,81.0
"Minnehaha County, South Dakota",54918,79.225
"Pennington County, South Dakota",52611,79.31363636363635
"Yankton County, South Dakota",45977,79.58
"Anderson County, Tennessee",42744,76.4875
"Bedford County, Tennessee",43744,76.33333333333333
"Blount County, Tennessee",49134,76.51904761904761
"Bradley County, Tennessee",42922,75.19473684210527
"Campbell County, Tennessee",31796,72.84
"Carroll County, Tennessee",36168,74.44285714285715
"Carter County, Tennessee",33626,75.02941176470588
"Cheatham County, Tennessee",52433,75.0
"Claiborne County, Tennessee",35997,73.5625
"Cocke County, Tennessee",26762,72.7
"Coffee County, Tennessee",43926,74.4090909090909
"Cumberland County, Tennessee",38078,75.73076923076923
"Davidson County, Tennessee",52026,76.50785714285719
"Dickson County, Tennessee",46990,75.76
"Dyer County, Tennessee",46348,75.48750000000001
"Fayette County, Tennessee",56275,76.06363636363635
"Franklin County, Tennessee",48784,75.24999999999999
"Gibson County, Tennessee",42137,74.41538461538461
"Giles County, Tennessee",40285,74.8
"Grainger County, Tennessee",37468,73.3
"Greene County, Tennessee",34768,74.91538461538461
"Hamblen County, Tennessee",37055,74.43333333333332
"Hamilton County, Tennessee",48580,76.28108108108107
"Hardeman County, Tennessee",39979,73.98333333333333
"Hardin County, Tennessee",36430,73.43333333333332
"Hawkins County, Tennessee",37348,74.19166666666668
"Henderson County, Tennessee",40402,73.23333333333333
"Henry County, Tennessee",37816,73.36666666666666
"Hickman County, Tennessee",41840,74.16
"Jefferson County, Tennessee",43052,75.52499999999999
"Knox County, Tennessee",52229,76.04699999999998
"Lauderdale County, Tennessee",31958,74.0625
"Lawrence County, Tennessee",40649,74.96363636363635
"Lincoln County, Tennessee",41476,75.41111111111111
"Loudon County, Tennessee",48729,76.10999999999999
"McMinn County, Tennessee",35635,74.82222222222221
"McNairy County, Tennessee",37219,73.65714285714284
"Macon County, Tennessee",36644,74.0
"Madison County, Tennessee",47801,74.97999999999999
"Marion County, Tennessee",39931,74.36666666666666
"Marshall County, Tennessee",45781,75.32
"Maury County, Tennessee",50707,76.62941176470588
"Monroe County, Tennessee",34126,75.05714285714285
"Montgomery County, Tennessee",48659,75.52083333333333
"Morgan County, Tennessee",50036,73.975
"Obion County, Tennessee",40076,75.1
"Overton County, Tennessee",35695,73.52857142857144
"Putnam County, Tennessee",40623,75.86153846153846
"Rhea County, Tennessee",34507,74.78333333333335
"Roane County, Tennessee",41425,74.53999999999999
"Robertson County, Tennessee",53204,75.25000000000001
"Rutherford County, Tennessee",60043,77.35813953488373
"Scott County, Tennessee",35443,72.2
"Sevier County, Tennessee",42107,75.8235294117647
"Shelby County, Tennessee",47083,74.79484536082475
"Sullivan County, Tennessee",42012,75.35135135135135
"Sumner County, Tennessee",59753,77.09714285714283
"Tipton County, Tennessee",56385,74.91666666666667
"Warren County, Tennessee",40322,73.56666666666666
"Washington County, Tennessee",45484,75.73636363636363
"Weakley County, Tennessee",36481,76.10000000000001
"White County, Tennessee",39778,73.64999999999999
"Williamson County, Tennessee",102881,81.23125000000002
"Wilson County, Tennessee",64476,76.96315789473684
"Anderson County, Texas",41711,77.45555555555556
"Angelina County, Texas",49768,76.0
"Aransas County, Texas",38990,76.32
"Atascosa County, Texas",48947,77.96249999999999
"Austin County, Texas",66690,78.86666666666666
"Bandera County, Texas",56437,80.34
"Bastrop County, Texas",63129,77.78
"Bee County, Texas",44865,76.11666666666667
"Bell County, Texas",48908,76.74615384615385
"Bexar County, Texas",52286,77.78031250000004
"Bowie County, Texas",40662,75.1222222222222
"Brazoria County, Texas",71251,77.65714285714284
"Brazos County, Texas",44270,78.51999999999997
"Brown County, Texas",42532,74.87500000000001
"Burnet County, Texas",51195,78.58749999999999
"Caldwell County, Texas",45984,77.89999999999999
"Calhoun County, Texas",56048,78.4
"Cameron County, Texas",34074,79.01566265060238
"Cass County, Texas",37308,76.38571428571429
"Chambers County, Texas",67598,77.86000000000001
"Cherokee County, Texas",42543,76.45
"Collin County, Texas",86217,80.54999999999998
"Colorado County, Texas",47882,79.47999999999999
"Comal County, Texas",67363,79.13636363636364
"Cooke County, Texas",44988,76.2625
"Coryell County, Texas",45998,75.94615384615385
"Dallas County, Texas",51799,77.7937768240343
"Denton County, Texas",75649,79.58888888888886
"DeWitt County, Texas",52548,78.16
"Ector County, Texas",65454,75.10000000000001
"Ellis County, Texas",68095,77.77000000000001
"El Paso County, Texas",43692,78.50482758620693
"Erath County, Texas",51256,79.7125
"Fannin County, Texas",40578,76.67777777777778
"Fayette County, Texas",51944,79.15714285714284
"Fort Bend County, Texas",95389,80.34927536231883
"Gaines County, Texas",60572,78.4
"Galveston County, Texas",69190,76.84827586206896
"Gillespie County, Texas",49297,80.46000000000001
"Gonzales County, Texas",47714,78.18333333333334
"Gray County, Texas",44110,76.15714285714286
"Grayson County, Texas",48126,75.35000000000001
"Gregg County, Texas",47727,75.51666666666665
"Grimes County, Texas",38181,78.75
"Guadalupe County, Texas",64343,79.04827586206896
"Hale County, Texas",45097,77.82222222222222
"Hardin County, Texas",54868,76.16363636363636
"Harris County, Texas",56629,77.9546875
"Harrison County, Texas",42958,75.86666666666667
"Hays County, Texas",58870,78.84285714285713
"Henderson County, Texas",47906,75.45333333333333
"Hidalgo County, Texas",35730,80.34770642201839
"Hill County, Texas",45494,76.21000000000001
"Hockley County, Texas",48840,76.85714285714286
"Hood County, Texas",61521,77.47
"Hopkins County, Texas",42191,76.65555555555557
"Houston County, Texas",36473,77.15714285714286
"Howard County, Texas",45380,73.76
"Hunt County, Texas",46048,76.02105263157895
"Hutchinson County, Texas",41395,74.60000000000001
"Jasper County, Texas",50651,75.23750000000001
"Jefferson County, Texas",48005,74.95692307692309
"Jim Wells County, Texas",38988,76.62857142857145
"Johnson County, Texas",58758,76.98518518518516
"Kaufman County, Texas",58141,76.43750000000001
"Kendall County, Texas",67208,81.13333333333334
"Kerr County, Texas",48680,78.44
"Kleberg County, Texas",35556,76.58000000000001
"Lamar County, Texas",36572,74.39166666666665
"Lampasas County, Texas",49792,78.475
"Liberty County, Texas",55152,76.1076923076923
"Limestone County, Texas",41957,76.3
"Lubbock County, Texas",47897,76.93275862068964
"McLennan County, Texas",46602,76.79555555555555
"Matagorda County, Texas",41900,76.35999999999999
"Maverick County, Texas",37109,78.4888888888889
"Medina County, Texas",62093,79.7
"Midland County, Texas",81064,78.12307692307695
"Milam County, Texas",50344,77.58571428571427
"Montgomery County, Texas",71577,78.0298245614035
"Moore County, Texas",52297,78.55
"Nacogdoches County, Texas",39865,75.92727272727272
"Navarro County, Texas",40845,77.47
"Nueces County, Texas",50587,77.3027397260274
"Orange County, Texas",50429,74.47
"Palo Pinto County, Texas",42346,76.4
"Panola County, Texas",47468,76.26666666666667
"Parker County, Texas",67012,77.40526315789474
"Polk County, Texas",42799,74.22222222222223
"Potter County, Texas",40536,74.75483870967743
"Randall County, Texas",61984,78.13749999999997
"Rockwall County, Texas",90940,78.99090909090908
"Rusk County, Texas",50615,76.21538461538462
"San Jacinto County, Texas",34100,74.60000000000001
"San Patricio County, Texas",54966,77.10624999999999
"Shelby County, Texas",45219,75.18333333333334
"Smith County, Texas",49060,77.3425
"Starr County, Texas",29822,77.3923076923077
"Tarrant County, Texas",60737,77.54339622641511
"Taylor County, Texas",48636,75.3
"Titus County, Texas",42219,76.5375
"Tom Green County, Texas",48114,77.25652173913043
"Travis County, Texas",65269,79.77087912087912
"Tyler County, Texas",36349,77.12
"Upshur County, Texas",43710,75.98571428571428
"Uvalde County, Texas",38086,78.67999999999999
"Val Verde County, Texas",46325,78.94444444444444
"Van Zandt County, Texas",47555,77.80999999999999
"Victoria County, Texas",56545,77.46818181818183
"Walker County, Texas",40448,77.425
"Waller County, Texas",47158,80.1
"Washington County, Texas",52065,78.6
"Webb County, Texas",39774,78.62962962962962
"Wharton County, Texas",42313,77.60000000000001
"Wichita County, Texas",45416,74.46363636363637
"Willacy County, Texas",26987,78.75
"Williamson County, Texas",78311,79.35256410256413
"Wilson County, Texas",73183,79.85999999999999
"Wise County, Texas",54045,78.42000000000002
"Wood County, Texas",46412,76.0
"Box Elder County, Utah",55776,79.22727272727273
"Cache County, Utah",50518,80.65652173913045
"Carbon County, Utah",46879,75.62
"Davis County, Utah",72016,80.31836734693877
"Duchesne County, Utah",65761,80.7
"Iron County, Utah",44455,79.1857142857143
"Salt Lake County, Utah",65694,78.8758974358974
"Sanpete County, Utah",45345,79.6
"Sevier County, Utah",45631,78.96
"Summit County, Utah",91725,81.57142857142857
"Tooele County, Utah",68226,77.8375
"Uintah County, Utah",71139,78.60000000000001
"Utah County, Utah",65487,79.94910714285712
"Wasatch County, Utah",78454,79.525
"Washington County, Utah",54913,81.05714285714286
"Weber County, Utah",59146,77.55400000000002
"Addison County, Vermont",59953,82.03999999999999
"Bennington County, Vermont",51582,82.13333333333333
"Caledonia County, Vermont",46668,81.58
"Chittenden County, Vermont",67997,81.12580645161289
"Franklin County, Vermont",62113,78.99
"Lamoille County, Vermont",59049,80.64285714285714
"Orange County, Vermont",55711,82.27
"Orleans County, Vermont",44193,80.42
"Rutland County, Vermont",52831,80.13
"Washington County, Vermont",56787,81.15882352941176
"Windham County, Vermont",50210,80.45294117647059
"Windsor County, Vermont",54673,82.29375000000002
"Accomack County, Virginia",38023,76.88749999999999
"Albemarle County, Virginia",70589,81.025
"Amherst County, Virginia",49687,76.6625
"Arlington County, Virginia",106768,82.04651162790698
"Augusta County, Virginia",56766,78.30769230769232
"Bedford County, Virginia",54062,77.66874999999999
"Botetourt County, Virginia",58985,78.025
"Buchanan County, Virginia",26060,74.18571428571428
"Campbell County, Virginia",45901,76.49090909090908
"Caroline County, Virginia",52019,76.25714285714285
"Carroll County, Virginia",47764,76.4
"Chesterfield County, Virginia",75131,78.97777777777777
"Culpeper County, Virginia",67030,78.2
"Dinwiddie County, Virginia",52370,76.03999999999999
"Fairfax County, Virginia",113208,82.58761467889907
"Fauquier County, Virginia",91940,79.26875
"Fluvanna County, Virginia",67083,80.0
"Franklin County, Virginia",49061,76.81
"Frederick County, Virginia",71993,78.53846153846153
"Gloucester County, Virginia",67330,77.73750000000001
"Goochland County, Virginia",85030,78.475
"Halifax County, Virginia",41513,75.92222222222222
"Hanover County, Virginia",82085,78.66363636363634
"Henrico County, Virginia",66085,78.67966101694917
"Henry County, Virginia",35437,74.42857142857143
"Isle of Wight County, Virginia",67051,77.45
"James City County, Virginia",73968,81.13636363636364
"King George County, Virginia",85520,78.86
"Lee County, Virginia",31538,77.0
"Loudoun County, Virginia",125003,81.86222222222224
"Louisa County, Virginia",56519,77.56666666666666
"Mecklenburg County, Virginia",29108,76.375
"Montgomery County, Virginia",52151,78.04545454545455
"New Kent County, Virginia",73386,77.76666666666667
"Orange County, Virginia",59816,78.46
"Page County, Virginia",40729,76.17999999999999
"Pittsylvania County, Virginia",41410,75.88125000000001
"Powhatan County, Virginia",78357,79.35
"Prince Edward County, Virginia",43463,74.73333333333333
"Prince George County, Virginia",60666,79.64000000000001
"Prince William County, Virginia",99766,80.12857142857142
"Pulaski County, Virginia",52851,75.43749999999999
"Roanoke County, Virginia",63210,79.25294117647059
"Rockbridge County, Virginia",45654,80.225
"Rockingham County, Virginia",51979,79.77894736842106
"Russell County, Virginia",38397,76.17142857142858
"Scott County, Virginia",37585,75.18333333333335
"Shenandoah County, Virginia",55682,78.66666666666667
"Smyth County, Virginia",38839,74.45
"Spotsylvania County, Virginia",75535,78.62142857142855
"Stafford County, Virginia",95882,79.49999999999999
"Tazewell County, Virginia",42797,73.34
"Warren County, Virginia",57423,76.6
"Washington County, Virginia",45405,76.99230769230768
"Wise County, Virginia",38125,74.02727272727273
"Wythe County, Virginia",42817,76.03333333333335
"York County, Virginia",84580,79.775
"Alexandria city, Virginia",90056,81.35454545454544
"Charlottesville city, Virginia",61775,79.10999999999999
"Chesapeake city, Virginia",67491,77.374358974359
"Danville city, Virginia",32966,73.02142857142857
"Fairfax city, Virginia",117081,82.6
"Fredericksburg city, Virginia",50417,78.96
"Hampton city, Virginia",51867,75.56551724137931
"Harrisonburg city, Virginia",40520,79.82499999999999
"Hopewell city, Virginia",32372,72.7
"Lynchburg city, Virginia",39374,76.32666666666667
"Manassas city, Virginia",73682,80.3
"Newport News city, Virginia",48630,76.20526315789475
"Norfolk city, Virginia",45996,75.2348484848485
"Petersburg city, Virginia",29782,72.28181818181817
"Portsmouth city, Virginia",49242,73.07307692307691
"Richmond city, Virginia",39906,75.27999999999999
"Roanoke city, Virginia",39835,74.80000000000001
"Salem city, Virginia",45621,76.56
"Staunton city, Virginia",40831,75.99999999999999
"Suffolk city, Virginia",61203,76.22692307692306
"Virginia Beach city, Virginia",67281,78.46470588235293
"Waynesboro city, Virginia",43179,75.2
"Winchester city, Virginia",52496,77.96
"Asotin County, Washington",54245,77.56
"Benton County, Washington",62484,79.61875
"Chelan County, Washington",56890,80.4230769230769
"Clallam County, Washington",44929,78.85
"Clark County, Washington",64275,79.15510204081632
"Cowlitz County, Washington",49949,76.96521739130435
"Douglas County, Washington",54464,81.1
"Franklin County, Washington",59664,80.39166666666667
"Grant County, Washington",51667,80.31875
"Grays Harbor County, Washington",44122,76.85
"Island County, Washington",60532,81.43684210526315
"Jefferson County, Washington",56740,81.37142857142855
"King County, Washington",81916,81.20185185185186
"Kitsap County, Washington",66090,79.3808510638298
"Kittitas County, Washington",45530,80.7375
"Klickitat County, Washington",47451,82.73333333333333
"Lewis County, Washington",48179,78.31500000000003
"Mason County, Washington",55891,77.55833333333334
"Okanogan County, Washington",45292,80.52
"Pacific County, Washington",38061,77.5
"Pierce County, Washington",60167,78.51000000000002
"Skagit County, Washington",57122,79.72142857142856
"Snohomish County, Washington",76251,79.591095890411
"Spokane County, Washington",48525,77.72330097087378
"Stevens County, Washington",41271,77.625
"Thurston County, Washington",62137,79.77083333333336
"Walla Walla County, Washington",49870,80.02727272727272
"Whatcom County, Washington",55016,80.53870967741936
"Whitman County, Washington",41438,80.82857142857142
"Yakima County, Washington",47223,78.28863636363636
"Berkeley County, West Virginia",53548,76.29285714285713
"Boone County, West Virginia",36771,74.45
"Brooke County, West Virginia",47368,75.21666666666667
"Cabell County, West Virginia",38839,73.28518518518518
"Fayette County, West Virginia",36970,76.41666666666667
"Greenbrier County, West Virginia",39004,75.44285714285715
"Hampshire County, West Virginia",32270,78.14
"Hancock County, West Virginia",37284,75.6375
"Harrison County, West Virginia",48285,74.55454545454546
"Jackson County, West Virginia",46718,78.01666666666667
"Jefferson County, West Virginia",69526,77.93333333333334
"Kanawha County, West Virginia",45028,75.03469387755106
"Lincoln County, West Virginia",34583,72.58
"Logan County, West Virginia",35557,75.83333333333333
"McDowell County, West Virginia",27065,75.6125
"Marion County, West Virginia",44937,76.4
"Marshall County, West Virginia",57196,75.17777777777778
"Mason County, West Virginia",31174,76.96666666666667
"Mercer County, West Virginia",35054,73.46875
"Mineral County, West Virginia",43025,76.67142857142856
"Mingo County, West Virginia",31816,73.25714285714287
"Monongalia County, West Virginia",45880,77.69473684210527
"Nicholas County, West Virginia",41220,73.99999999999999
"Ohio County, West Virginia",48833,75.60555555555555
"Preston County, West Virginia",46091,77.06250000000001
"Putnam County, West Virginia",58424,77.76
"Raleigh County, West Virginia",37262,75.3235294117647
"Randolph County, West Virginia",36350,79.63333333333333
"Upshur County, West Virginia",40991,76.28
"Wayne County, West Virginia",31843,75.66363636363636
"Wood County, West Virginia",39991,75.33461538461539
"Wyoming County, West Virginia",37819,72.75
"Adams County, Wisconsin",41968,77.17999999999999
"Barron County, Wisconsin",51390,79.02
"Brown County, Wisconsin",54802,79.14375000000003
"Calumet County, Wisconsin",70525,80.79090909090908
"Chippewa County, Wisconsin",52865,80.01818181818182
"Clark County, Wisconsin",50565,80.825
"Columbia County, Wisconsin",61171,80.23333333333333
"Dane County, Wisconsin",65202,80.58624999999999
"Dodge County, Wisconsin",55832,78.92777777777778
"Door County, Wisconsin",55933,78.9
"Douglas County, Wisconsin",50042,78.16
"Dunn County, Wisconsin",53483,81.61428571428571
"Eau Claire County, Wisconsin",51667,79.23846153846154
"Fond du Lac County, Wisconsin",57620,80.29411764705883
"Grant County, Wisconsin",51236,79.57272727272728
"Green County, Wisconsin",59367,79.725
"Iowa County, Wisconsin",58121,80.7
"Jackson County, Wisconsin",51901,79.76
"Jefferson County, Wisconsin",62399,80.45263157894736
"Juneau County, Wisconsin",45597,78.72857142857141
"Kenosha County, Wisconsin",55845,77.59354838709677
"Kewaunee County, Wisconsin",61430,81.33333333333333
"La Crosse County, Wisconsin",49933,79.26315789473684
"Lincoln County, Wisconsin",51179,78.28888888888889
"Manitowoc County, Wisconsin",50302,79.62499999999999
"Marathon County, Wisconsin",55687,80.41111111111111
"Marinette County, Wisconsin",49040,79.13636363636364
"Milwaukee County, Wisconsin",45859,76.7435555555556
"Monroe County, Wisconsin",53753,79.13333333333334
"Oconto County, Wisconsin",52323,78.95
"Oneida County, Wisconsin",50422,78.65833333333333
"Outagamie County, Wisconsin",59252,78.98285714285714
"Ozaukee County, Wisconsin",79048,81.24705882352941
"Pierce County, Wisconsin",61481,81.01428571428572
"Polk County, Wisconsin",54972,78.66
"Portage County, Wisconsin",57244,81.58181818181818
"Racine County, Wisconsin",57232,78.02432432432431
"Fayette County, Kentucky",51948,77.5916666666667
"Floyd County, Kentucky",28104,73.03
"Franklin County, Kentucky",51851,75.84545454545456
"Grant County, Kentucky",41551,74.55000000000001
"Graves County, Kentucky",37356,76.6
"Grayson County, Kentucky",36342,73.9
"Greenup County, Kentucky",46523,75.9
"Hardin County, Kentucky",49229,76.44210526315791
"Harlan County, Kentucky",27386,73.10909090909091
"Henderson County, Kentucky",42167,74.97272727272728
"Hopkins County, Kentucky",46652,73.91666666666667
"Jefferson County, Kentucky",51259,76.06153846153842
"Jessamine County, Kentucky",48049,76.9625
"Johnson County, Kentucky",36436,74.05
"Kenton County, Kentucky",52043,75.19268292682924
"Knox County, Kentucky",31780,73.475
"Laurel County, Kentucky",37527,75.09090909090911
"Letcher County, Kentucky",26796,72.87142857142858
"Lincoln County, Kentucky",45970,73.26
"Logan County, Kentucky",45654,75.16666666666667
"McCracken County, Kentucky",51114,74.84705882352941
"Madison County, Kentucky",45383,76.14117647058822
"Marion County, Kentucky",39163,76.26666666666667
"Marshall County, Kentucky",51046,75.75000000000001
"Meade County, Kentucky",51209,74.15
"Mercer County, Kentucky",46881,76.67999999999999
"Montgomery County, Kentucky",36284,76.14999999999999
"Muhlenberg County, Kentucky",41112,74.22222222222223
"Nelson County, Kentucky",51404,75.84444444444443
"Ohio County, Kentucky",39640,75.03333333333333
"Oldham County, Kentucky",81569,79.80833333333334
"Perry County, Kentucky",31094,71.9375
"Pike County, Kentucky",33321,72.67894736842106
"Pulaski County, Kentucky",41365,74.78461538461538
"Rowan County, Kentucky",26616,75.275
"Scott County, Kentucky",63526,77.77272727272727
"Shelby County, Kentucky",60903,78.3111111111111
"Taylor County, Kentucky",28743,75.94
"Warren County, Kentucky",44679,76.57499999999999
"Wayne County, Kentucky",28428,76.26
"Whitley County, Kentucky",34039,71.67142857142858
"Woodford County, Kentucky",51368,77.3125
"Acadia Parish, Louisiana",40031,74.44545454545454
"Allen Parish, Louisiana",43427,76.2
"Ascension Parish, Louisiana",76632,78.4
"Assumption Parish, Louisiana",57526,76.75
"Avoyelles Parish, Louisiana",33598,74.6875
"Beauregard Parish, Louisiana",41944,75.0
"Bossier Parish, Louisiana",56140,76.18571428571428
"Caddo Parish, Louisiana",41040,74.31639344262295
"Calcasieu Parish, Louisiana",45767,74.49999999999999
"Concordia Parish, Louisiana",31094,73.16
"De Soto Parish, Louisiana",40776,73.81428571428572
"East Baton Rouge Parish, Louisiana",50519,74.96543209876539
"Evangeline Parish, Louisiana",30651,75.2
"Franklin Parish, Louisiana",36729,73.73333333333333
"Grant Parish, Louisiana",40652,74.34
"Iberia Parish, Louisiana",46365,75.11428571428571
"Iberville Parish, Louisiana",46045,74.02857142857142
"Jefferson Parish, Louisiana",49576,76.31355932203388
"Jefferson Davis Parish, Louisiana",42539,74.75714285714285
"Lafayette Parish, Louisiana",51981,77.77027027027027
"Lafourche Parish, Louisiana",52589,75.55714285714286
"Lincoln Parish, Louisiana",32832,77.30000000000001
"Livingston Parish, Louisiana",58677,76.03999999999999
"Morehouse Parish, Louisiana",30050,71.68749999999999
"Natchitoches Parish, Louisiana",27977,76.17500000000001
"Orleans Parish, Louisiana",39077,75.25850340136056
"Ouachita Parish, Louisiana",36709,74.53076923076921
"Plaquemines Parish, Louisiana",35444,74.31666666666668
"Pointe Coupee Parish, Louisiana",40826,76.93333333333334
"Rapides Parish, Louisiana",43222,74.89333333333333
"Richland Parish, Louisiana",33028,74.48333333333333
"Sabine Parish, Louisiana",42464,75.07142857142857
"St. Bernard Parish, Louisiana",41971,74.59285714285714
"St. Charles Parish, Louisiana",61502,76.85833333333332
"St. James Parish, Louisiana",57753,76.51428571428572
"St. John the Baptist Parish, Louisiana",53502,74.9909090909091
"St. Landry Parish, Louisiana",30286,74.67368421052632
"St. Martin Parish, Louisiana",45418,75.46363636363637
"St. Mary Parish, Louisiana",40752,74.00625000000001
"St. Tammany Parish, Louisiana",63180,77.59210526315792
"Tangipahoa Parish, Louisiana",42962,74.69500000000001
"Terrebonne Parish, Louisiana",41786,74.655
"Union Parish, Louisiana",34032,73.68333333333332
"Vermilion Parish, Louisiana",46658,76.45
"Vernon Parish, Louisiana",43478,76.575
"Washington Parish, Louisiana",30095,73.21000000000001
"Webster Parish, Louisiana",30972,75.08181818181818
"West Baton Rouge Parish, Louisiana",59936,76.62
"Androscoggin County, Maine",50338,76.93333333333334
"Aroostook County, Maine",36596,77.765
"Cumberland County, Maine",64215,80.10363636363635
"Franklin County, Maine",44083,78.17142857142856
"Hancock County, Maine",49790,79.85
"Kennebec County, Maine",51335,77.82142857142857
"Knox County, Maine",47136,78.85
"Lincoln County, Maine",50767,79.01428571428572
"Oxford County, Maine",42475,78.925
"Penobscot County, Maine",44173,77.1314285714286
"Sagadahoc County, Maine",55200,79.88571428571427
"Somerset County, Maine",39504,76.67142857142856
"Waldo County, Maine",42312,78.8875
"Washington County, Maine",35944,76.35
"York County, Maine",61613,79.07272727272726
"Allegany County, Maryland",38281,76.32173913043479
"Anne Arundel County, Maryland",91230,78.86597938144328
"Baltimore County, Maryland",68775,78.07722772277229
"Calvert County, Maryland",106247,80.73888888888888
"Caroline County, Maryland",53725,75.83333333333334
"Carroll County, Maryland",84887,78.48648648648647
"Cecil County, Maryland",70676,76.67777777777778
"Charles County, Maryland",88700,79.6689655172414
"Dorchester County, Maryland",50337,77.61111111111111
"Frederick County, Maryland",83819,80.0396551724138
"Garrett County, Maryland",46665,78.0142857142857
"Harford County, Maryland",78050,78.81176470588237
"Howard County, Maryland",110892,81.70740740740742
"Montgomery County, Maryland",98917,83.01299999999998
"Prince George's County, Maryland",76741,79.60900000000001
"Queen Anne's County, Maryland",91250,79.17272727272726
"St. Mary's County, Maryland",85163,80.75000000000001
"Somerset County, Maryland",43926,74.86666666666666
"Talbot County, Maryland",65867,80.16999999999999
"Washington County, Maryland",55979,76.15517241379308
"Wicomico County, Maryland",54781,76.94210526315787
"Worcester County, Maryland",54153,77.90714285714286
"Baltimore city, Maryland",44165,73.03944444444444
"Barnstable County, Massachusetts",66102,80.42745098039218
"Berkshire County, Massachusetts",50765,80.25263157894736
"Bristol County, Massachusetts",60183,78.4885245901639
"Essex County, Massachusetts",68455,80.59182389937111
"Franklin County, Massachusetts",58613,80.87777777777778
"Hampden County, Massachusetts",51514,78.61089108910893
"Hampshire County, Massachusetts",60583,81.62068965517241
"Middlesex County, Massachusetts",90267,81.70230263157896
"Norfolk County, Massachusetts",94039,81.46328124999998
"Plymouth County, Massachusetts",75080,79.9548387096774
"Suffolk County, Massachusetts",56771,79.62934131736525
"Worcester County, Massachusetts",65753,79.73554216867467
"Allegan County, Michigan",55250,79.5782608695652
"Alpena County, Michigan",40871,77.25555555555556
"Antrim County, Michigan",50114,80.07142857142857
"Barry County, Michigan",57238,79.36363636363636
"Bay County, Michigan",46560,77.02307692307691
"Berrien County, Michigan",46649,76.83191489361701
"Branch County, Michigan",47909,77.19166666666666
"Calhoun County, Michigan",43084,76.26756756756755
"Cass County, Michigan",49917,77.87272727272727
"Charlevoix County, Michigan",46979,79.30833333333332
"Cheboygan County, Michigan",42549,79.1625
"Chippewa County, Michigan",42869,78.06363636363636
"Clare County, Michigan",31321,75.19000000000001
"Clinton County, Michigan",63764,79.89999999999999
"Delta County, Michigan",41161,79.87272727272726
"Dickinson County, Michigan",48734,79.9
"Eaton County, Michigan",56005,78.81111111111112
"Emmet County, Michigan",49372,80.07142857142857
"Genesee County, Michigan",44025,75.28571428571426
"Gladwin County, Michigan",40986,76.39999999999999
"Grand Traverse County, Michigan",55013,79.9625
"Gratiot County, Michigan",41316,78.11111111111111
"Hillsdale County, Michigan",46202,77.63333333333334
"Houghton County, Michigan",44071,78.75999999999998
"Huron County, Michigan",46267,77.86
"Ingham County, Michigan",47082,77.94590163934424
"Ionia County, Michigan",50823,78.53333333333332
"Iosco County, Michigan",40687,76.05
"Isabella County, Michigan",40838,78.43076923076923
"Jackson County, Michigan",50783,77.11891891891891
"Kalamazoo County, Michigan",52164,78.92692307692306
"Kent County, Michigan",54340,79.6682926829268
"Lapeer County, Michigan",57762,77.9909090909091
"Leelanau County, Michigan",60837,82.67999999999999
"Lenawee County, Michigan",48279,77.9478260869565
"Livingston County, Michigan",76455,79.33859649122806
"Macomb County, Michigan",54640,77.11960784313725
"Manistee County, Michigan",42032,77.775
"Marquette County, Michigan",48259,78.94999999999999
"Mason County, Michigan",44454,77.9625
"Mecosta County, Michigan",41502,77.8
"Menominee County, Michigan",39904,82.17142857142858
"Midland County, Michigan",59292,79.84210526315788
"Monroe County, Michigan",54396,77.10263157894737
"Montcalm County, Michigan",40547,78.68461538461538
"Muskegon County, Michigan",47453,76.95714285714286
"Newaygo County, Michigan",45213,78.05454545454546
"Oakland County, Michigan",69998,78.96327160493823
"Oceana County, Michigan",43588,79.23333333333333
"Ogemaw County, Michigan",37282,75.97142857142856
"Osceola County, Michigan",42012,78.3
"Otsego County, Michigan",51000,78.46666666666667
"Ottawa County, Michigan",61012,80.9705882352941
"Roscommon County, Michigan",40133,76.31249999999999
"Saginaw County, Michigan",43383,76.40892857142855
"St. Clair County, Michigan",51127,76.17659574468085
"St. Joseph County, Michigan",46626,76.62941176470588
"Sanilac County, Michigan",41444,78.73333333333332
"Shiawassee County, Michigan",51839,77.36470588235295
"Tuscola County, Michigan",45767,78.21538461538461
"Van Buren County, Michigan",48034,78.31333333333333
"Washtenaw County, Michigan",61977,79.58875000000002
"Wayne County, Michigan",41557,74.46294964028783
"Wexford County, Michigan",44054,77.08749999999999
"Anoka County, Minnesota",73382,80.14025974025972
"Becker County, Minnesota",56837,80.35
"Beltrami County, Minnesota",46823,78.71
"Benton County, Minnesota",50121,79.71111111111111
"Blue Earth County, Minnesota",48350,80.37333333333332
"Brown County, Minnesota",57004,81.3125
"Carlton County, Minnesota",55214,77.8142857142857
"Carver County, Minnesota",92653,82.37058823529412
"Cass County, Minnesota",48139,79.76
"Chisago County, Minnesota",69843,80.28
"Clay County, Minnesota",62918,79.8923076923077
"Crow Wing County, Minnesota",51205,80.22500000000001
"Dakota County, Minnesota",77196,80.68333333333334
"Dodge County, Minnesota",60830,81.68
"Douglas County, Minnesota",60317,81.73333333333333
"Fillmore County, Minnesota",52048,82.53333333333333
"Freeborn County, Minnesota",47023,81.60999999999999
"Goodhue County, Minnesota",58610,80.83000000000001
"Hennepin County, Minnesota",68935,80.32043795620436
"Hubbard County, Minnesota",53993,82.17142857142856
"Isanti County, Minnesota",62147,80.91250000000001
"Itasca County, Minnesota",53377,79.89090909090909
"Kandiyohi County, Minnesota",52324,81.425
"Le Sueur County, Minnesota",62470,81.35000000000001
"Lyon County, Minnesota",55622,80.02857142857142
"McLeod County, Minnesota",62321,82.18571428571428
"Martin County, Minnesota",47613,81.3
"Meeker County, Minnesota",59961,80.66666666666667
"Mille Lacs County, Minnesota",51148,77.42857142857143
"Morrison County, Minnesota",55419,81.975
"Mower County, Minnesota",54752,80.72727272727272
"Nicollet County, Minnesota",56760,81.60000000000001
"Nobles County, Minnesota",50521,82.08333333333333
"Olmsted County, Minnesota",69973,81.3
"Otter Tail County, Minnesota",56467,80.97647058823529
"Pine County, Minnesota",45814,79.6875
"Polk County, Minnesota",56537,78.39000000000001
"Ramsey County, Minnesota",57384,79.53384615384614
"Rice County, Minnesota",57323,81.32307692307691
"St. Louis County, Minnesota",50124,78.24666666666668
"Scott County, Minnesota",92506,80.80952380952381
"Sherburne County, Minnesota",80088,80.73636363636365
"Stearns County, Minnesota",55030,81.92222222222223
"Steele County, Minnesota",61165,82.6125
"Todd County, Minnesota",50550,81.51249999999999
"Wabasha County, Minnesota",58011,82.25
